﻿<?xml version="1.0" encoding="utf-8" ?>
<extradoc>
		<class name="HSL">
				<summary>
						This class is not an abstract class, but used as one for each internal color class.
						This is so it can be used internally with an extension "Chizl.ColorExtensions.Info".
						Info() to be used on Microsoft's Color struct and ConsoleColor enum.<br/>
						<b>Understand Hue w/ Quotes from:</b> <a href="https://color-wheel-artist.com/hue/">color-wheel-artist.com</a><br/>
						Tint is sometimes also called a Pastel. But to be  precise, Color Theory defines a True Tint as any Hue or mixture of pure colors with only White added.<br/>
						Color Theory defines a True Tone as any Hue or mixture of pure colors with only Gray added. To be precise, this definition considers Gray as truly neutral.<br/>
						Color Theory defines a True Shade​ as any pure Hue or mixture of pure colors with only Black added. In other words, it contains absolutely no White or Gray.<br/>
						<b>(4) Depths in a Color Wheel:</b><br/>
						<li>4. Hue - Most Outside, Pure Color</li>
						<li>3. Tints - Hue + White</li>
						<li>2. Tones - Hew + Gray</li>
						<li>1. Shade - Most Inner, Hue + Black</li>
				</summary>
				<interfaces>
						<interface name="HSLInt">
								<summary>
										HSV(int decValue) or HSB(int decValue):<br/>
										RGB decimal value from or to create Color.<br/>
										If alpha or transparency is included it will be ignored.
								</summary>
								<returns></returns>
						</interface>
						<interface name="HSLColor">
								<summary>
										HSV(System.Drawing.Color) or HSB(System.Drawing.Color):<br/>
										Color object to build RGB decimal value from or to create Color.<br/>
										If alpha or transparency is included it will be ignored.
								</summary>
								<returns></returns>
						</interface>
				</interfaces>
		</class>
</extradoc>