﻿<?xml version="1.0" encoding="utf-8" ?>
<extradoc>
		<class name="HSVB">
				<summary>
						The HSV (Hue, Saturation, Value) aka HSB (Hue, Saturation, Brightness)<br/>
						HSV is also sometimes referred to as HSB, where B stands for Brightness instead of Value, but the meaning and value is the same.<br/><br/>
						This color model is a way of representing colors that is more intuitive for human perception than the RGB (Red, Green, Blue) model.<br/>
						HSV divides color into three components:<br/>
						Hue, which represents the color's base, like red, green, or blue.  The value represented the angle or degree on a RGB color wheel, ranging from 0.00 to 360.00 degrees.<br/>
						Saturation, which indicates the of purity or intensity percentage (%) of the color.  A fully saturated color will be a pure, vibrant shade, while a lower saturation will make the color appear muted or grayscale.<br/>
						Value aka Brightness, represents the brightness percentage (%) of the color, ranging from black(0%) to white(100%).<br/>
						HSV is often represented as a cylinder or cone, with:<br/>
						- Hue: around the circular base,<br/>
						- Saturation: as radius from center to edge,<br/>
						- Value/Brightness, as height from bottom (black) to top (brightest color).<br/>
				</summary>
				<interfaces>
						<interface name="HSVBInt">
								<summary>
										HSV(int decValue) or HSB(int decValue):<br/>
										RGB decimal value from or to create Color.<br/>
								</summary>
								<returns></returns>
						</interface>
						<interface name="HSVBColor">
								<summary>
										HSV(System.Drawing.Color) or HSB(System.Drawing.Color):<br/>
										Color object to build RGB decimal value from or to create Color.<br/>
								</summary>
								<returns></returns>
						</interface>
						<interface name="HSVBDoubles">
								<summary>
										HSV(double hue, double saturation, double value) or HSB(double hue, double saturation, double value):<br/>
										Hue, Saturation, and Value/Brightness values for Color object.<br/>
								</summary>
								<returns></returns>
						</interface>
				</interfaces>
		</class>
</extradoc>