﻿<?xml version="1.0" encoding="utf-8" ?>
<extradoc>
		<class name="LAB">
				<summary>
						LAB[99, -5, -2]: (Ex: Azure)<br/>
						L (Lightness) = 99:<br/>
						- Similar to LCH, this confirms the color is very light. The 'L' component in LAB ranges from 0 (black) to 100 (white).<br/>
						A = -5: (Green–Red axis)<br/>
						- The 'a' component represents the green-red axis. A negative value indicates a shift towards green. In this case, a small negative value means a very subtle green tint.<br/>
						B = -2: (Blue–Yellow axis)<br/>
						- The 'b' component represents the blue-yellow axis. A negative value indicates a shift towards blue. A small negative value here means a very subtle blue tint. The combination of these small negative 'a' and 'b' values suggests a color that is very close to neutral gray, but with a slight leaning towards the blue-green side, which is characteristic of a pale azure. The LAB color space is designed to be perceptually uniform, meaning that numerical differences in the values correspond to similar perceived color differences by humans.<br/>
				</summary>
				<interfaces>
						<interface name="LABInt">
								<summary>
										LAB(int decValue):<br/>
										RGB decimal value from Color.<br/>
										If alpha or transparency is included it will be ignored.
								</summary>
								<returns></returns>
						</interface>
						<interface name="LABColor">
								<summary>
										LAB(System.Drawing.Color):<br/>
										If alpha or transparency is included it will be ignored.
								</summary>
								<returns></returns>
						</interface>
				</interfaces>
				<properties>
						<property name="L">
								<summary>
										L (Lightness):<br/>
										- Similar to LCH, this confirms the color is very light. The 'L' component in LAB ranges from 0 (black) to 100 (white).<br/>
								</summary>
								<returns></returns>
						</property>
						<property name="A">
								<summary>
										A = (Green–Red axis)<br/>
										- The 'A' component represents the green-red axis. A negative value indicates a shift towards green. In this case, a small negative value means a very subtle green tint.<br/>
								</summary>
								<returns></returns>
						</property>
						<property name="B">
								<summary>
										B = (Blue–Yellow axis)<br/>
										- The 'B' component represents the blue-yellow axis. A negative value indicates a shift towards blue. A small negative value here means a very subtle blue tint. The combination of these small negative 'a' and 'b' values suggests a color that is very close to neutral gray, but with a slight leaning towards the blue-green side, which is characteristic of a pale azure. The LAB color space is designed to be perceptually uniform, meaning that numerical differences in the values correspond to similar perceived color differences by humans.<br/>
								</summary>
								<returns></returns>
						</property>
				</properties>
		</class>
</extradoc>