﻿<?xml version="1.0" encoding="utf-8" ?>
<extradoc>
		<class name="LCH">
				<summary>
						LCH[99, 5, 199]: (Ex: Azure)<br/>
						L (Lightness) = 99:<br/>
						- This indicates that Azure is an extremely light color, very close to white. This aligns with its visual appearance as a pale blue.<br/>
						C (Chroma) = 5:<br/>
						- This value signifies very low chroma or intensity. It means the color is not vivid or saturated, contributing to its soft and muted look. A chroma of 0 would be a pure gray.<br/>
						h (Hue) = 199:<br/>
						- This angle places Azure in the blue-cyan region of the color wheel. Hue is an angle from 0 to 360 degrees, where blue is approximately 270 degrees and cyan is around 180 degrees. So, 199 degrees accurately reflects Azure as a light blue with a hint of cyan.<br/>
				</summary>
				<interfaces>
						<interface name="LCHInt">
								<summary>
										LCH(int decValue):<br/>
										RGB decimal value from Color.<br/>
										If alpha or transparency is included it will be ignored.
								</summary>
								<returns></returns>
						</interface>
						<interface name="LCHColor">
								<summary>
										LCH(System.Drawing.Color):<br/>
										If alpha or transparency is included it will be ignored.
								</summary>
								<returns></returns>
						</interface>
				</interfaces>
		</class>
</extradoc>