﻿<?xml version="1.0" encoding="utf-8" ?>
<extradoc>
		<class name="LCH">
				<summary>
						LUV[99, -8, -2]: (ex Azure)<br/>
						L (Lightness) = 99:<br/>
						- As with LAB and LCH, the high 'L' value indicates that Azure is a very light color.
						U = -8, V = -2:<br/>
						- These are the chromaticity coordinates in the CIELUV color space.<br/>
						  Similar to the 'a' and 'b' components in LAB, 'U' and 'V' represent the color's position on a different chromaticity diagram.<br/>
						  The negative values generally correspond to the blue-green area, consistent with the description of Azure.<br/>
						  CIELUV is another perceptually uniform color space, often used for additive color applications like displays.<br/>
				</summary>
				<interfaces>
						<interface name="LCHInt">
								<summary>
										LCH(int decValue):<br/>
										RGB decimal value from Color.<br/>
										If alpha or transparency is included it will be ignored.
								</summary>
								<returns></returns>
						</interface>
						<interface name="LCHColor">
								<summary>
										LCH(System.Drawing.Color):<br/>
										If alpha or transparency is included it will be ignored.
								</summary>
								<returns></returns>
						</interface>
				</interfaces>
		</class>
</extradoc>