﻿<?xml version="1.0" encoding="utf-8" ?>
<extradoc>
		<class name="Shared">
				<properties>
						<property name="Empty">
								<summary>
										Empty, creates an empty class object with no values.  IsEmpty property will True.
								</summary>
								<returns>
										Class object with no properties set.
								</returns>
						</property>
						<property name="IsEmpty">
								<summary>
										IsEmpty, Class was never initialized properly.
								</summary>
								<returns>
										(boolean)<br/>
										- True: Class was never initialized properly.<br/>
										- False: Class is ready for use.
								</returns>
						</property>
						<property name="HSVBL_Hue">
								<summary>
										Hue (H in HSV, HSB, and HSL):<br/>
										Definition: The fundamental attribute of color that distinguishes “red,” “green,” “blue,” etc.<br/>
										Representation: Hue is expressed as an angle on the RGB color wheel, measured in degrees.<br/>
										Range: 0° to 360° (angle/degrees) on the color wheel.<br/>
										Note: This measurement is based on the RGB color model, not the RYB (Red-Yellow-Blue) wheel used in traditional color theory.<br/>
										<br/>
										Degree | Color<br/>
										0°     | Red<br/>
										60°    | Yellow<br/>
										120°   | Green<br/>
										180°   | Cyan<br/>
										240°   | Blue<br/>
										300°   | Magenta<br/>
										360°   | (Red again)
								</summary>
								<returns>
										(double)<br/>
										- Min Value: 0.00<br/>
										- Max Value: 360.00<br/>
								</returns>
						</property>
						<property name="HSL_Saturation">
								<summary>
										Definition: The degree of colorfulness relative to the lightness of the color.<br/>
										Represents: How intense or muted a hue is, based on how much gray is mixed in at a given lightness level.<br/>
										Range: 0.00% (completely desaturated, gray) to 100.00% (fully saturated, pure hue).<br/>
										Behavior:<br/>
										- Low Saturation: The color appears muted, soft, or closer to gray.<br/>
										- High Saturation: The color is vivid and intense.<br/>
										Interpretation: At 0% saturation, the result is a shade of gray (regardless of the hue).
										At 100%, the color is as pure as possible at that lightness level.
										HSL saturation varies nonlinearly with lightness — very light or very dark colors naturally appear less saturated even at 100%.<br/>
										Note: Unlike HSV, which measures saturation relative to value (brightness), HSL saturation is
										calculated relative to lightness, which is the average of the maximum and minimum RGB components.
										This makes HSL more perceptually intuitive for generating tints, shades, and tones.
								</summary>
								<returns>
										(double)<br/>
										- Min Value: 0.00<br/>
										- Max Value: 100.00<br/>
								</returns>
						</property>
						<property name="HSV_Saturation">
								<summary>
										Definition: The intensity or purity of a color.<br/>
										Represents: How much the color deviates from a neutral gray at the same brightness.<br/>
										Range: 0.00% (completely unsaturated, gray) to 100.00% (fully saturated, pure hue).<br/>
										Behavior:<br/>
										- Low Saturation: Colors appear grayish, pastel, or washed out.<br/>
										- High Saturation: Colors are vivid, rich, and intense.<br/>
										Interpretation: Saturation in HSV indicates how "pure" the hue is.
										A saturation of 0% means there's no colorfulness (the result is a shade of gray).
										As saturation increases, the hue becomes more prominent.<br/>
										Note: HSV and HSL define saturation differently. In HSV, saturation is based on the distance
										from the center of the HSV cylinder, whereas in HSL it’s based on chroma relative to lightness.
								</summary>
								<returns>
										(double)<br/>
										- Min Value: 0.00<br/>
										- Max Value: 100.00<br/>
								</returns>
						</property>
						<property name="HSV_Value_Brightness">
								<summary>
										Definition: The brightness or luminosity of a color in the HSV model.<br/>
										Representation: Represents how much light is present in a color, from dark (black) to fully lit (pure color).<br/>
										Range: 0.00% (black) to 100.00% (full brightness).<br/>
										Interpretation:<br/>
										- Low Value: The color appears darker or shadowed.<br/>
										- High Value: The color appears brighter and more intense.<br/>
										Note: Affects how "light" or "dark" a color appears but does not consider white—only black is mixed in at low values.<br/>
										Also Note: HSV is also sometimes referred to as HSB, where B stands for Brightness instead of Value, but the meaning and value is the exact same.
								</summary>
								<returns>
										(double)<br/>
										- Min Value: 0.00<br/>
										- Max Value: 100.00<br/>
								</returns>
						</property>
						<property name="HSL_Lightness">
								<summary>
										Definition: The perceived light/dark level of a color in the HSL model.<br/>
										Representation: Midpoint between black and white, where 0% is black, 50% is the pure color, and 100% is white.<br/>
										Range: 0.00% (black) to 100.00% (white).<br/>
										Interpretation:<br/>
										- Low Lightness: The color is closer to black and appears dark or shadowy.<br/>
										- Mid Lightness (≈50%): Pure hue without added black or white.<br/>
										- High Lightness: The color is closer to white and may appear pastel or washed out.<br/>
										Note: Unlike HSV, HSL lightness mixes both white and black, producing a symmetrical scale around the pure hue.
								</summary>
								<returns>
										(double)<br/>
										- Min Value: 0.00<br/>
										- Max Value: 100.00<br/>
								</returns>
						</property>
						<property name="Color_Temperature">
								<summary>
										Definition: A perception-based measure of how “warm” or “cool” a color feels, typically derived from its hue.<br/>
										Representation:<br/>
										- Measured as a position on the hue wheel (HSV or HSL).<br/>
										- Not a physical temperature, but a visual and emotional association.<br/>
										Categories (example ranges based on hue):<br/>
										- Hot: 0°–15° or 345°–360° (Red, Scarlet)<br/>
										- Warm: 15°–60° (Orange, Yellow)<br/>
										- Neutral-Warm: 60°–150° (Yellow-green to Green)<br/>
										- Cool: 150°–210° (Cyan, Aqua)<br/>
										- Cold: 210°–270° (Blue, Indigo)<br/>
										- Neutral-Cool: 270°–345° (Violet to Magenta)<br/>
										Use Case: Widely used in art, lighting, photography, and UI design to influence mood and emotion.<br/>
										🔥 Warm colors evoke energy and friendliness.<br/>
										❄️ Cool colors feel calm, stable, or professional.
								</summary>
								<returns>
										(string)<br/>
										- Hot<br/>
										- Warm<br/>
										- Neutral-Warm<br/>
										- Cool<br/>
										- Cold<br/>
										- Neutral-Cool
								</returns>
						</property>
						<property name="Color_Tone">
								<summary>
										Definition: A qualitative description of a color's visual character based on its brightness and saturation.<br/>
										Interpretation: Tone captures how soft, vivid, dark, or pastel a color appears.<br/>
										Components:<br/>
										- Brightness (Value or Lightness) — How light or dark the color is.<br/>
										- Saturation — How intense or muted the color is.<br/>
										Common Tone Descriptors:<br/>
										- Dark, Muted, Rich, Pale, Vibrant, Bright, Deep, Dull, Pastel<br/>
										Use Case: Useful in design, art, and color naming to express a mood or style (e.g., "Moody Blue", "Bright Coral").<br/>
										💡 Think of tone as the personality of a color—whether it's energetic, soft-spoken, elegant, or bold.
								</summary>
								<returns>
										(string)<br/>
										If Saturation is below 0.2 the wording will have 3 levels of "Neutral" based on Value of HSV. (LightNeutral, DarkNeutral, and Neutral)<br/>
										If Saturation is greater or equal to 0.2, Value ranges 4 more levels. (Light, Dark, Vibrant, and Moderate).
								</returns>
						</property>
						<property name="ValueString">
								<summary>
										Class primary property values in a string format, e.g. "SPACE[A=11.00º, B=22.00%, C=33.00%]"<br/>
										- "SPACE represents: CMYK, HEX, HSL, HSV, HSB, LAB, LCH, LUV, or XYZ<br/>
								</summary>
								<returns>
										(string)<br/>
										Returns property values rounded by 2 decimal places in string format with each value displaying the type of value it represents.<br/>
										Format start with the color space name and then encapsulate the values by brackets<br/>
										- "HSV[H=280.00º, S=48.75%, V=97.26%]"<br/>
								</returns>
						</property>
						<property name="ValueRaw">
								<summary>
										Class primary property values in a string format, e.g. "11.00,22.00,33.00%"<br/>
								</summary>
								<returns>
										(string)<br/>
										Returns HSL, HSV, or HSB values rounded by 2 decimal places in string format and only seperated by a comma.<br/>
										Returns property values rounded by 2 decimal places in string format without displaying type.<br/>
										Format is raw decimal values with no spaces. A comma is to seperate each value.<br/>
										- "280.00,48.75,97.26"  ^([\d]{1,3}.?[\d]{0,2}){3}$
								</returns>
						</property>
				</properties>
		</class>
</extradoc>