﻿<?xml version="1.0" encoding="utf-8" ?>
<extradoc>
		<class name="LCH">
				<summary>
						XYZ [90, 97, 109]:
						X = 90, Y = 97, Z = 109: These are tristimulus values in the CIE XYZ color space, one of the earliest mathematically defined color spaces.
						Y = 97: In the XYZ system, 'Y' specifically represents the luminance or perceived brightness of the color. A value of 97 confirms that Azure is a very bright color, consistent with its high lightness values in LCH and LAB.
						The values of X, Y, and Z together define the specific color. Higher 'Z' values (which are more sensitive to blue light) and higher 'Y' values (for brightness) relative to 'X' values are characteristic of light blue colors. The XYZ color space serves as a fundamental reference for many other color spaces, but distances in this space do not directly reflect perceived color differences as accurately as LAB or LUV.
						In essence, all these color space representations consistently describe Azure (#F0FFFF) as a very light, slightly desaturated blue color.
				</summary>
				<interfaces>
						<interface name="HSLInt">
								<summary>
										HSV(int decValue) or HSB(int decValue):<br/>
										RGB decimal value from or to create Color.<br/>
										If alpha or transparency is included it will be ignored.
								</summary>
								<returns></returns>
						</interface>
						<interface name="HSLColor">
								<summary>
										HSV(System.Drawing.Color) or HSB(System.Drawing.Color):<br/>
										Color object to build RGB decimal value from or to create Color.<br/>
										If alpha or transparency is included it will be ignored.
								</summary>
								<returns></returns>
						</interface>
				</interfaces>
		</class>
</extradoc>